ID_VENTE|CD_PRODUIT|DT_VENTE|ID_CLIENT|QTE_VENTE|PRIX_ACHAT|PRIX_VENTE
CA-2014-AB10015140-41954|TEC-PH-5816|01/03/2023|AB-100151402|2|53.2752|66.594
IN-2014-JR162107-41675|FUR-CH-5379|01/03/2023|JR-162107|9|219.816|274.77
IN-2014-CR127307-41929|TEC-PH-5356|01/03/2023|CR-127307|9|204.4512|255.564
ES-2014-KM1637548-41667|TEC-PH-5267|01/03/2023|KM-1637548|5|437.0904|546.363
SG-2014-RH9495111-41948|TEC-CO-6011|01/03/2023|RH-9495111|8|184.1424|230.178
IN-2014-JM156557-41818|TEC-PH-5842|01/03/2023|JM-156557|5|203.568|254.46
IN-2012-TS2134092-41219|FUR-CH-5378|01/03/2023|TS-2134092|4|110.5056|138.132
IN-2013-MB1808592-41378|FUR-TA-3764|01/03/2023|MB-1808592|6|372.9664|466.208
CA-2014-AB10015140-41954|FUR-BO-5957|01/03/2023|AB-100151402|2|95.7488|119.686
CA-2012-AB10015140-40974|FUR-CH-4421|01/03/2023|AB-100151404|1|43.8408|54.801
CA-2012-AB10015140-40974|OFF-AR-5309|01/03/2023|AB-100151404|3|3.8272|4.784
ID-2013-AJ107801-41383|FUR-TA-3420|01/03/2023|AJ-107801|5|111.0276|138.7845
SA-2012-MM7260110-41269|TEC-PH-3807|01/03/2023|MM-7260110|4|157.0176|196.272
MX-2013-VF2171518-41591|FUR-CH-4530|01/03/2023|VF-2171518|7|113.0832|141.354
IN-2014-PF1912027-41796|OFF-AP-4959|01/03/2023|PF-1912027|12|148.0608|185.076
ES-2015-BP1118545-42216|OFF-AP-3575|01/03/2023|BP-1118545|4|166.1856|207.732
CA-2012-AB10015140-40958|OFF-ST-3078|01/03/2023|AB-100151402|2|6.312|7.89
ES-2015-PJ1883564-42255|OFF-AP-4743|01/03/2023|PJ-1883564|14|181.9104|227.388
IN-2015-JS156857-42035|TEC-CO-3597|01/03/2023|JS-156857|9|235.65456|294.5682
TZ-2015-RH9555129-42343|OFF-AP-4967|01/03/2023|RH-9555129|6|136.3896|170.487
PL-2013-AB600103-41494|FUR-TA-4644|01/03/2023|AB-600103|4|276.8808|346.101
CA-2012-AB10015140-40974|OFF-ST-3744|01/03/2023|AB-100151404|3|51.8272|64.784
IN-2012-JK1532527-41030|FUR-CH-5774|01/03/2023|JK-1532527|6|275.4|344.25
ES-2014-LB16795139-41697|OFF-AP-4960|01/03/2023|LB-16795139|10|210.948|263.685
US-2015-NP1832582-42216|TEC-PH-5268|01/03/2023|NP-1832582|4|154.2456|192.807
MX-2015-VD2167039-42252|FUR-TA-4643|01/03/2023|VD-2167039|8|276.4776|345.597
IN-2012-PB19210127-41259|FUR-TA-5060|01/03/2023|PB-19210127|2|445.9416|557.427
ES-2012-EB1411048-40981|OFF-AP-4743|01/03/2023|EB-1411048|6|181.9104|227.388
CA-2012-AH10030140-41020|OFF-FA-6129|01/03/2023|AH-100301406|8|16.8832|21.104
IN-2013-BP1123058-41329|FUR-CH-5443|01/03/2023|BP-1123058|4|150.2976|187.872
US-2012-RR1952536-41270|TEC-PH-5841|01/03/2023|RR-1952536|5|203.5968|254.496
ES-2013-BS1136545-41472|TEC-MA-5503|01/03/2023|BS-1136545|9|75.4128|94.266
CA-2013-AH10030140-41635|TEC-PH-4389|01/03/2023|AH-100301404|9|44.544|55.68
IN-2012-DP131057-41215|OFF-AP-3579|01/03/2023|DP-131057|5|299.488|374.36
CA-2013-AH10030140-41635|OFF-ST-4291|01/03/2023|AH-100301404|2|103.392|129.24
CG-2012-AH1003033-41165|TEC-PH-3148|01/03/2023|AH-1003033|6|152.6904|190.863
CA-2012-AH10030140-41041|FUR-CH-4840|01/03/2023|AH-100301404|6|46.576|58.22
CA-2012-AH10030140-41273|TEC-AC-6340|01/03/2023|AH-100301406|3|7.4176|9.272
ES-2015-PO18865139-42018|TEC-CO-3598|01/03/2023|PO-18865139|13|101.593024|126.99128
IN-2012-DL128657-40918|TEC-PH-5356|01/03/2023|DL-128657|5|204.4512|255.564
ID-2014-JB1600059-41873|TEC-PH-5268|01/03/2023|JB-1600059|6|154.2456|192.807
IN-2015-BF1100558-42319|TEC-PH-5269|01/03/2023|BF-1100558|7|180.7512|225.939
IN-2015-VG2180558-42273|FUR-BO-5951|01/03/2023|VG-2180558|13|226.7148|283.3935
ES-2013-GT14710139-41621|TEC-PH-5267|01/03/2023|GT-14710139|9|437.0904|546.363
IT-2012-ZC2191048-41174|OFF-AP-3874|01/03/2023|ZC-2191048|7|287.488|359.36
CA-2014-AH10030140-41719|FUR-FU-4072|01/03/2023|AH-100301408|7|7.904|9.88
IT-2014-EB1384045-41706|FUR-CH-5441|01/03/2023|EB-1384045|5|112.7808|140.976
IN-2015-AP1091527-42244|FUR-CH-5380|01/03/2023|AP-1091527|6|196.352|245.44
IN-2015-SW2027558-42125|TEC-MA-5007|01/03/2023|SW-2027558|7|206.23176|257.7897
MX-2015-JH15820141-42356|FUR-CH-4531|01/03/2023|JH-15820141|11|113.6664|142.083
US-2012-AH10030140-41206|OFF-BI-4372|01/03/2023|AH-100301404|4|3.7056|4.632
IR-2015-TG1164060-42265|TEC-CO-3678|01/03/2023|TG-1164060|8|84.064448|105.08056
CA-2012-AH10030140-41273|OFF-LA-3231|01/03/2023|AH-100301406|3|4.032|5.04
IN-2012-PB19210127-41259|FUR-BO-5762|01/03/2023|PB-19210127|5|175.8|219.75
MZ-2014-DG330087-41991|TEC-PH-5269|01/03/2023|DG-330087|4|180.7512|225.939
IN-2013-SG2047058-41424|TEC-CO-4590|01/03/2023|SG-2047058|4|122.1216|152.652
CA-2012-AH10030140-41020|OFF-BI-2937|01/03/2023|AH-100301406|3|0.9912|1.239
IN-2013-GP1474058-41419|FUR-TA-3766|01/03/2023|GP-1474058|2|698.136|872.67
IN-2015-MW182207-42221|OFF-AP-3577|01/03/2023|MW-182207|9|165.5904|206.988
CA-2012-AH10030140-41041|OFF-PA-4014|01/03/2023|AH-100301404|2|2.56|3.2
IN-2015-CS1246011-42074|FUR-BO-5760|01/03/2023|CS-1246011|7|105.0264|131.283
CA-2015-AH10030140-42357|OFF-AR-3276|01/03/2023|AH-100301406|7|2.672|3.34
ES-2015-MS1798048-42227|TEC-PH-5839|01/03/2023|MS-1798048|7|204.48|255.6
IT-2014-KC1667548-41882|TEC-PH-3130|01/03/2023|KC-1667548|9|40.0536|50.067
IN-2015-DB1340527-42022|FUR-CH-5774|01/03/2023|DB-1340527|11|275.4|344.25
CA-2015-AS10045140-42007|TEC-MA-3788|01/03/2023|AS-100451408|2|278.28|347.85
IT-2015-DK13090120-42345|FUR-BO-5760|01/03/2023|DK-13090120|5|105.0264|131.283
IN-2015-CS1184558-42354|FUR-TA-3779|01/03/2023|CS-1184558|4|76.8144|96.018
MX-2015-EM1420082-42328|TEC-PH-5839|01/03/2023|EM-1420082|4|204.48|255.6
UP-2012-DW3480137-41221|FUR-TA-3771|01/03/2023|DW-3480137|4|74.3472|92.934
IN-2014-AS1022527-41797|FUR-CH-4530|01/03/2023|AS-1022527|7|113.0832|141.354
MX-2012-ST2053093-41234|OFF-AP-4497|01/03/2023|ST-2053093|13|202.9968|253.746
CG-2014-BW106533-41727|FUR-CH-4530|01/03/2023|BW-106533|8|113.0832|141.354
IN-2015-LA1678059-42242|FUR-TA-3422|01/03/2023|LA-1678059|7|480.3552|600.444
ES-2013-AB10150139-41537|TEC-PH-5355|01/03/2023|AB-10150139|6|305.928|382.41
IN-2015-JH158207-42140|TEC-PH-3147|01/03/2023|JH-158207|5|178.164|222.705
CA-2015-AS10045140-42218|TEC-MA-3329|01/03/2023|AS-100451402|3|511.9936|639.992
ES-2014-BE1141048-41967|TEC-CO-3599|01/03/2023|BE-1141048|10|63.303744|79.12968
IN-2012-SZ2003527-41221|TEC-CO-6010|01/03/2023|SZ-2003527|9|75.473536|94.34192
IN-2012-RM1937558-41209|FUR-CH-5380|01/03/2023|RM-1937558|5|196.352|245.44
ES-2015-HG1484545-42327|FUR-CH-4654|01/03/2023|HG-1484545|14|145.5072|181.884
MO-2015-DP310586-42305|TEC-CO-3710|01/03/2023|DP-310586|14|121.1712|151.464
CA-2014-AS10045140-41908|FUR-BO-3176|01/03/2023|AS-100451404|2|67.4352|84.294
US-2015-AS10045140-42252|OFF-BI-3324|01/03/2023|AS-100451404|7|10.0656|12.582
ES-2014-JB1600048-41668|TEC-PH-5268|01/03/2023|JB-1600048|5|154.2456|192.807
ID-2013-AM1070559-41535|OFF-AP-4501|01/03/2023|AM-1070559|6|159.8592|199.824
MO-2014-AB25586-41966|OFF-AP-4745|01/03/2023|AB-25586|4|181.3152|226.644
IN-2013-RP192707-41438|TEC-CO-3611|01/03/2023|RP-192707|9|151.524|189.405
IN-2014-BK1126011-41940|FUR-BO-4849|01/03/2023|BK-1126011|9|265.1328|331.416
IN-2014-JM1525027-41985|TEC-CO-3678|01/03/2023|JM-1525027|6|84.064448|105.08056
IN-2013-GP1474058-41419|TEC-PH-5356|01/03/2023|GP-1474058|3|204.4512|255.564
CA-2015-AS10045140-42281|FUR-TA-5066|01/03/2023|AS-100451404|3|57.096|71.37
ES-2014-NZ1856545-41975|OFF-AP-4508|01/03/2023|NZ-1856545|5|389.1456|486.432
CA-2015-AS10045140-42007|OFF-BI-3308|01/03/2023|AS-100451408|6|12.824|16.03
ID-2014-SC20695102-41667|FUR-CH-5443|01/03/2023|SC-20695102|7|150.2976|187.872
IN-2013-NC186257-41401|FUR-TA-3422|01/03/2023|NC-186257|2|480.3552|600.444
ES-2014-NF183858-41970|FUR-BO-4849|01/03/2023|NF-183858|7|265.1328|331.416
IN-2013-NZ185657-41606|FUR-CH-5774|01/03/2023|NZ-185657|7|275.4|344.25
IT-2013-PM1894045-41546|TEC-MA-5572|01/03/2023|PM-1894045|9|63.2736|79.092
ES-2014-MZ1733545-41885|OFF-AP-4503|01/03/2023|MZ-1733545|7|160.2816|200.352
CG-2014-HM498033-41846|TEC-PH-5268|01/03/2023|HM-498033|6|154.2456|192.807
IN-2015-RW195407-42327|TEC-PH-3806|01/03/2023|RW-195407|6|208.8576|261.072
ES-2013-LH1715545-41444|TEC-PH-5840|01/03/2023|LH-1715545|4|458.9568|573.696
MX-2013-FH1436582-41558|TEC-PH-5839|01/03/2023|FH-1436582|6|204.48|255.6
ES-2012-KM1666048-41129|TEC-CO-5999|01/03/2023|KM-1666048|5|70.524|88.155
ES-2012-PO1886545-41217|TEC-PH-3807|01/03/2023|PO-1886545|8|157.0176|196.272
US-2012-AS10045140-41116|OFF-PA-6512|01/03/2023|AS-100451406|11|3.8272|4.784
MX-2014-AB1006028-41755|FUR-BO-3891|01/03/2023|AB-1006028|9|131.8752|164.844
IN-2014-DB130607-41999|OFF-AP-3575|01/03/2023|DB-130607|8|166.1856|207.732
IT-2014-VM2168591-41711|FUR-CH-5442|01/03/2023|VM-2168591|11|272.97912|341.2239
CA-2014-AS10045140-41727|OFF-ST-4516|01/03/2023|AS-100451408|2|10.048|12.56
ES-2013-DM1352548-41369|TEC-PH-3149|01/03/2023|DM-1352548|9|340.832|426.04
ES-2013-NM18520120-41634|FUR-BO-5948|01/03/2023|NM-18520120|4|139.344|174.18
IN-2014-LC168857-41747|TEC-CO-6012|01/03/2023|LC-168857|5|264.80448|331.0056
IN-2012-RO1978027-41052|OFF-AP-4738|01/03/2023|RO-1978027|7|279.68|349.6
CA-2015-AS10045140-42218|OFF-PA-6557|01/03/2023|AS-100451402|7|4.1472|5.184
ES-2014-EM1406548-41775|TEC-CO-4593|01/03/2023|EM-1406548|5|91.2456|114.057
CA-2015-AS10045140-42007|OFF-BI-3185|01/03/2023|AS-100451408|5|6.6816|8.352
IT-2012-ON1871545-40955|FUR-CH-5774|01/03/2023|ON-1871545|11|275.4|344.25
IN-2014-VS2182027-41790|FUR-BO-3639|01/03/2023|VS-2182027|4|155.2128|194.016
IN-2014-CM121157-41913|TEC-CO-4790|01/03/2023|CM-121157|6|114.76816|143.4602
CA-2015-AB10060140-42315|FUR-TA-4622|01/03/2023|AB-100601404|7|116.392|145.49
CA-2014-AB10060140-41884|OFF-BI-4340|01/03/2023|AB-100601406|4|326.6376|408.297
ID-2014-JK153257-41984|TEC-CO-3709|01/03/2023|JK-153257|5|120.5952|150.744
IT-2015-RP1927045-42081|TEC-CO-5998|01/03/2023|RP-1927045|6|141.7392|177.174
IN-2015-DW1354078-42357|TEC-PH-3806|01/03/2023|DW-1354078|3|208.8576|261.072
CA-2015-AB10060140-42315|FUR-CH-4613|01/03/2023|AB-100601404|2|157.3488|196.686
US-2014-AB10060140-41712|OFF-AP-4221|01/03/2023|AB-100601408|2|64.128|80.16
CA-2015-AB10060140-42315|TEC-AC-5858|01/03/2023|AB-100601404|3|23.2448|29.056
MX-2015-GM1444037-42265|TEC-CO-3587|01/03/2023|GM-1444037|7|84.3936|105.492
IN-2014-SV2081558-41968|TEC-CO-4577|01/03/2023|SV-2081558|5|135.391872|169.23984
IN-2014-MM1792027-41950|TEC-AC-3405|01/03/2023|MM-1792027|9|110.4896|138.112
IN-2015-JK1612059-42204|FUR-BO-5761|01/03/2023|JK-1612059|8|222.09768|277.6221
ID-2013-EM14200130-41502|TEC-PH-5268|01/03/2023|EM-14200130|7|154.2456|192.807
CA-2015-AB10060140-42314|OFF-PA-6214|01/03/2023|AB-100601402|10|5.424|6.78
IN-2013-PM1894059-41284|FUR-BO-5787|01/03/2023|PM-1894059|10|166.8864|208.608
MX-2014-AT1043582-41667|OFF-AP-4736|01/03/2023|AT-1043582|7|349.43664|436.7958
ID-2013-AB1001527-41439|TEC-MA-6150|01/03/2023|AB-1001527|8|184.4424|230.553
CA-2015-AB10060140-42314|OFF-FA-6129|01/03/2023|AB-100601402|3|16.8832|21.104
CA-2014-AB10060140-41884|OFF-PA-6430|01/03/2023|AB-100601406|2|7.8592|9.824
MX-2013-PV1898518-41614|TEC-AC-5223|01/03/2023|PV-1898518|14|78.7872|98.484
IT-2014-SB2029064-41887|TEC-CO-4590|01/03/2023|SB-2029064|7|122.1216|152.652
SO-2015-SM10005116-42265|TEC-PH-5839|01/03/2023|SM-10005116|6|204.48|255.6
IN-2013-KH1633059-41489|OFF-AP-4960|01/03/2023|KH-1633059|4|210.948|263.685
IN-2015-MP181757-42347|TEC-PH-3149|01/03/2023|MP-181757|8|340.832|426.04
IN-2013-LH1702027-41572|TEC-CO-3597|01/03/2023|LH-1702027|3|235.65456|294.5682
CA-2015-AB10060140-42132|TEC-AC-5109|01/03/2023|AB-100601404|5|51.1936|63.992
ID-2014-CR126257-41878|FUR-BO-5763|01/03/2023|CR-126257|1|140.208|175.26
IN-2012-NC1862511-41041|TEC-AC-3403|01/03/2023|NC-1862511|7|102.624|128.28
IT-2012-GM1468091-41215|OFF-AP-4745|01/03/2023|GM-1468091|12|181.3152|226.644
ES-2015-RA1994545-42218|FUR-BO-3624|01/03/2023|RA-1994545|7|214.3128|267.891
ES-2012-DB1306048-41171|TEC-CO-4789|01/03/2023|DB-1306048|3|86.796|108.495
US-2014-AB10060140-41712|FUR-FU-4762|01/03/2023|AB-100601408|10|20.4608|25.576
IN-2014-RF197357-41709|TEC-PH-5268|01/03/2023|RF-197357|2|154.2456|192.807
ES-2013-JH1582048-41306|TEC-PH-3806|01/03/2023|JH-1582048|5|208.8576|261.072
US-2014-AB10060140-41712|OFF-BI-4819|01/03/2023|AB-100601408|5|1.84|2.3
MX-2015-DM1295551-42103|FUR-TA-5064|01/03/2023|DM-1295551|4|161.8488|202.311
CA-2014-AB10060140-41881|OFF-SU-2972|01/03/2023|AB-100601406|13|5.9584|7.448
MX-2015-BE1133582-42082|OFF-AP-4745|01/03/2023|BE-1133582|3|181.3152|226.644
IN-2014-SO2033527-41914|OFF-AP-4502|01/03/2023|SO-2033527|5|160.0416|200.052
ES-2014-DK12835120-41651|OFF-AP-4507|01/03/2023|DK-12835120|6|289.648|362.06
SA-2015-LC7050110-42236|TEC-PH-3806|01/03/2023|LC-7050110|7|208.8576|261.072
IN-2012-PB19210127-41259|FUR-TA-5065|01/03/2023|PB-19210127|8|72.3216|90.402
IN-2015-CG125207-42077|OFF-AP-4745|01/03/2023|CG-125207|3|181.3152|226.644
CA-2013-AB10060140-41535|OFF-PA-6420|01/03/2023|AB-100601404|7|5.9328|7.416
ID-2015-HG1502559-42194|FUR-BO-5787|01/03/2023|HG-1502559|2|166.8864|208.608
ID-2014-AD1018059-41801|FUR-CH-4532|01/03/2023|AD-1018059|8|152.2752|190.344
ES-2012-BP11155139-41130|TEC-PH-3805|01/03/2023|BP-11155139|9|208.4736|260.592
ID-2015-AA10480130-42080|TEC-PH-5840|01/03/2023|AA-10480130|9|458.9568|573.696
ID-2014-RL196157-41641|FUR-BO-3639|01/03/2023|RL-196157|5|155.2128|194.016
CA-2014-AB10060140-41884|OFF-BI-2911|01/03/2023|AB-100601406|5|0.6096|0.762
ID-2013-SW2024559-41557|TEC-PH-5840|01/03/2023|SW-2024559|1|458.9568|573.696
CA-2014-AB10060140-41884|TEC-AC-5744|01/03/2023|AB-100601406|5|4.3456|5.432
IN-2012-BW1111027-41076|FUR-TA-3420|01/03/2023|BW-1111027|1|111.0276|138.7845
ES-2015-YC21895139-42097|FUR-BO-3639|01/03/2023|YC-21895139|5|155.2128|194.016
MX-2012-JM1558082-41045|TEC-PH-5355|01/03/2023|JM-1558082|7|305.928|382.41
BO-2015-MZ733513-42046|FUR-CH-4654|01/03/2023|MZ-733513|5|145.5072|181.884
ES-2014-JF15295120-41924|TEC-AC-4185|01/03/2023|JF-15295120|6|109.53192|136.9149
CA-2015-AB10060140-42264|OFF-PA-6596|01/03/2023|AB-100601406|6|5.184|6.48
UP-2015-DJ3510137-42202|OFF-AP-4738|01/03/2023|DJ-3510137|4|279.68|349.6
ES-2015-MF1825045-42330|TEC-MA-4205|01/03/2023|MF-1825045|6|63.0576|78.822
IT-2012-TC2129545-41058|FUR-TA-4642|01/03/2023|TC-2129545|11|391.848|489.81
CA-2015-AB10060140-42314|OFF-PA-3114|01/03/2023|AB-100601402|7|2.8224|3.528
IN-2015-CP1234058-42202|OFF-AP-4502|01/03/2023|CP-1234058|1|160.0416|200.052
ES-2015-EH1412545-42245|TEC-PH-3148|01/03/2023|EH-1412545|8|152.6904|190.863
IN-2013-NC183407-41634|FUR-TA-5054|01/03/2023|NC-183407|9|221.4732|276.8415
IN-2015-BF1100558-42319|OFF-AP-3577|01/03/2023|BF-1100558|6|165.5904|206.988
ID-2014-JS1603059-41760|FUR-TA-5072|01/03/2023|JS-1603059|7|75.024|93.78
ES-2012-AM10360139-41136|TEC-PH-5354|01/03/2023|AM-10360139|5|381.69|477.1125
IN-2015-JF1519021-42341|FUR-TA-4706|01/03/2023|JF-1519021|7|142.5792|178.224
IN-2014-AB100157-41815|FUR-CH-4654|01/03/2023|AB-100157|8|145.5072|181.884
ES-2014-JG15160139-41660|FUR-TA-3344|01/03/2023|JG-15160139|5|290.736|363.42
CA-2015-AH10075140-42301|FUR-TA-5421|01/03/2023|AH-100751406|6|243.008|303.76
IN-2015-AG1033059-42197|OFF-AP-3574|01/03/2023|AG-1033059|3|124.5024|155.628
CA-2015-AH10075140-42301|FUR-FU-3936|01/03/2023|AH-100751406|4|67.4176|84.272
ES-2015-NF1847548-42248|OFF-AP-3581|01/03/2023|NF-1847548|2|134.3232|167.904
CA-2015-AH10075140-42301|FUR-TA-4943|01/03/2023|AH-100751406|2|37.8312|47.289
IN-2012-DR129407-41066|OFF-AP-4966|01/03/2023|DR-129407|4|182.688|228.36
ES-2012-NB1865548-41194|OFF-ST-6049|01/03/2023|NB-1865548|9|63.1968|78.996
IN-2014-NM1844527-41800|TEC-CO-5991|01/03/2023|NM-1844527|6|95.76|119.7
IN-2015-TA213857-42351|OFF-AP-4508|01/03/2023|TA-213857|4|389.1456|486.432
CA-2014-AH10075140-41898|OFF-BI-4338|01/03/2023|AH-100751406|10|126.2352|157.794
ID-2015-SC20380102-42165|OFF-AP-3580|01/03/2023|SC-20380102|2|179.9328|224.916
SF-2012-PA9060117-40954|OFF-ST-6047|01/03/2023|PA-9060117|3|47.736|59.67
ES-2014-RB19570120-41971|FUR-BO-5760|01/03/2023|RB-19570120|14|105.0264|131.283
CA-2014-AH10075140-41817|OFF-SU-5635|01/03/2023|AH-100751404|7|92.688|115.86
CA-2015-AH10075140-42110|FUR-FU-4756|01/03/2023|AH-100751404|2|25.1456|31.432
US-2012-LH1675036-41129|TEC-PH-5839|01/03/2023|LH-1675036|5|204.48|255.6
CA-2014-AH10075140-41991|TEC-AC-6351|01/03/2023|AH-100751402|6|44.16|55.2
IN-2013-KB1658527-41488|TEC-CO-3608|01/03/2023|KB-1658527|3|161.8344|202.293
ES-2013-LH1715545-41444|OFF-AP-4507|01/03/2023|LH-1715545|4|289.648|362.06
CA-2015-AH1007523-42101|OFF-ST-4257|01/03/2023|AH-1007523|5|43.9392|54.924
IR-2014-MZ751560-41853|TEC-MA-4210|01/03/2023|MZ-751560|1|77.6424|97.053
IN-2015-DM1334558-42146|OFF-ST-4266|01/03/2023|DM-1334558|10|91.2252|114.0315
ID-2012-CA1196566-40949|TEC-PH-5841|01/03/2023|CA-1196566|9|203.5968|254.496
ES-2014-SC20305120-41909|FUR-BO-3903|01/03/2023|SC-20305120|11|77.6|97
IN-2015-MH1811558-42157|FUR-BO-4862|01/03/2023|MH-1811558|3|77.8112|97.264
IN-2014-KS163007-41912|FUR-BO-3640|01/03/2023|KS-163007|3|156.5184|195.648
IN-2012-BG1174078-41108|TEC-PH-5356|01/03/2023|BG-1174078|4|204.4512|255.564
RS-2015-CR2625108-42230|FUR-BO-5950|01/03/2023|CR-2625108|4|93.2992|116.624
CA-2015-AH10075140-42301|FUR-FU-4022|01/03/2023|AH-100751406|8|2.8|3.5
IN-2015-DK1309027-42308|TEC-CO-3611|01/03/2023|DK-1309027|4|151.524|189.405
IN-2014-JL1583527-41845|TEC-PH-3806|01/03/2023|JL-1583527|6|208.8576|261.072
IN-2015-AP1072058-42284|TEC-PH-5269|01/03/2023|AP-1072058|8|180.7512|225.939
IN-2015-CR1282058-42294|TEC-PH-5356|01/03/2023|CR-1282058|4|204.4512|255.564
IN-2014-BF110807-41976|FUR-CH-4531|01/03/2023|BF-110807|5|113.6664|142.083
IN-2015-JM15265102-42316|OFF-AP-3571|01/03/2023|JM-15265102|4|72.4104|90.513
IN-2014-NM1844527-41800|FUR-CH-5378|01/03/2023|NM-1844527|6|110.5056|138.132
IT-2012-TW2102545-41172|FUR-BO-5760|01/03/2023|TW-2102545|3|105.0264|131.283
IT-2012-RB1933045-41080|FUR-CH-4530|01/03/2023|RB-1933045|3|113.0832|141.354
CA-2015-AH10075140-42273|OFF-SU-3839|01/03/2023|AH-100751406|4|76.3584|95.448
CA-2015-AH10075140-42144|FUR-CH-5429|01/03/2023|AH-100751408|2|94.3056|117.882
SF-2015-AB10060117-42334|OFF-AP-4732|01/03/2023|AB-10060117|3|99.0048|123.756
EG-2013-JR567038-41363|TEC-PH-5355|01/03/2023|JR-567038|4|305.928|382.41
MX-2012-MD1735028-41222|OFF-AP-4962|01/03/2023|MD-1735028|2|225.5744|281.968
CA-2015-AH10075140-42301|OFF-PA-6415|01/03/2023|AH-100751406|9|3.4752|4.344
ES-2013-EB13840139-41487|OFF-AP-4743|01/03/2023|EB-13840139|8|181.9104|227.388
CA-2014-AH10075140-41991|OFF-PA-6577|01/03/2023|AH-100751402|7|5.184|6.48
CA-2014-AH10075140-41817|OFF-FA-5459|01/03/2023|AH-100751404|10|2.2912|2.864
CA-2014-AH10075140-41817|OFF-PA-3115|01/03/2023|AH-100751404|5|4.992|6.24
AJ-2014-JL58359-41662|FUR-TA-3358|01/03/2023|JL-58359|2|218.148|272.685
IN-2012-EP1391559-41049|FUR-BO-5967|01/03/2023|EP-1391559|4|93.636|117.045
ES-2015-MS17770139-42275|FUR-BO-3626|01/03/2023|MS-17770139|7|99.3672|124.209
IT-2012-CM1265545-41218|TEC-MA-5007|01/03/2023|CM-1265545|7|206.23176|257.7897
LH-2015-JC610575-42032|FUR-TA-3345|01/03/2023|JC-610575|5|470.418|588.0225
IN-2015-GB145307-42260|TEC-CO-4593|01/03/2023|GB-145307|8|91.2456|114.057
CA-2015-AH10075140-42335|OFF-AR-5327|01/03/2023|AH-100751408|13|2.7392|3.424
US-2012-JH161805-41264|TEC-PH-3149|01/03/2023|JH-161805|3|340.832|426.04
EG-2014-MT807038-41675|FUR-BO-5951|01/03/2023|MT-807038|9|226.7148|283.3935
IN-2012-AB1010558-41270|TEC-CO-6010|01/03/2023|AB-1010558|6|75.473536|94.34192
CA-2015-AH10075140-42301|OFF-AP-4739|01/03/2023|AH-100751406|3|0.3552|0.444
LT-2012-CV280572-41025|TEC-PH-5354|01/03/2023|CV-280572|1|381.69|477.1125
IN-2012-NH1861092-41187|FUR-TA-4645|01/03/2023|NH-1861092|4|147.7872|184.734
ID-2014-HJ1487527-41875|FUR-TA-5065|01/03/2023|HJ-1487527|4|72.3216|90.402
MX-2014-JL1517518-41903|FUR-CH-5776|01/03/2023|JL-1517518|7|148.3776|185.472
MX-2015-MY1829593-42355|OFF-AP-4505|01/03/2023|MY-1829593|4|115.5776|144.472
CA-2012-AH10075140-41228|OFF-LA-5591|01/03/2023|AH-100751404|5|1.6704|2.088
CA-2013-AH10075140-41629|OFF-AR-5458|01/03/2023|AH-100751406|2|1.504|1.88
CA-2015-AH10075140-42273|OFF-BI-3301|01/03/2023|AH-100751406|2|3.6672|4.584
MX-2015-KC1654093-42158|OFF-AP-4507|01/03/2023|KC-1654093|5|289.648|362.06
MX-2015-CS1246093-42259|TEC-PH-5354|01/03/2023|CS-1246093|5|381.69|477.1125
IN-2015-HA1492027-42111|TEC-PH-3148|01/03/2023|HA-1492027|5|152.6904|190.863
ES-2013-MT1781545-41599|TEC-MA-5017|01/03/2023|MT-1781545|2|192.8448|241.056
ES-2015-FW1439545-42069|FUR-BO-3627|01/03/2023|FW-1439545|7|220.096|275.12
ES-2013-BH1171048-41478|TEC-PH-3807|01/03/2023|BH-1171048|3|157.0176|196.272
ID-2015-DK1289559-42315|OFF-AP-4964|01/03/2023|DK-1289559|5|182.2656|227.832
MX-2015-KD1627018-42330|FUR-CH-4544|01/03/2023|KD-1627018|7|35.8992|44.874
ES-2012-SC208458-41070|FUR-BO-4848|01/03/2023|SC-208458|9|305.94024|382.4253
MX-2013-CY1274582-41531|TEC-CO-6010|01/03/2023|CY-1274582|5|75.473536|94.34192
IN-2012-HL150407-41237|TEC-CO-3596|01/03/2023|HL-150407|10|101.478208|126.84776
IN-2013-CT1199566-41496|TEC-CO-4591|01/03/2023|CT-1199566|7|121.5456|151.932
ES-2014-CC12370139-41718|OFF-AP-3573|01/03/2023|CC-12370139|8|95.952|119.94
LT-2014-GR456072-42003|TEC-CO-3688|01/03/2023|GR-456072|9|88.6452|110.8065
IN-2013-TT2107058-41551|FUR-CH-4656|01/03/2023|TT-2107058|12|147.0048|183.756
IT-2013-PO19195120-41492|TEC-PH-3146|01/03/2023|PO-19195120|6|43.728|54.66
IN-2013-ED13885144-41549|FUR-CH-4530|01/03/2023|ED-13885144|8|113.0832|141.354
IN-2015-AP1091559-42089|OFF-AP-4966|01/03/2023|AP-1091559|5|182.688|228.36
MX-2015-TM2149031-42329|TEC-CO-3597|01/03/2023|TM-2149031|3|235.65456|294.5682
IT-2012-AW1084091-41242|TEC-CO-4792|01/03/2023|AW-1084091|5|115.2672|144.084
IN-2012-DP131057-41215|FUR-CH-4530|01/03/2023|DP-131057|8|113.0832|141.354
CA-2015-AH10075140-42144|OFF-PA-6504|01/03/2023|AH-100751408|6|3.1872|3.984
RO-2013-SG10605107-41614|TEC-CO-4571|01/03/2023|SG-10605107|7|61.971936|77.46492
MX-2014-BM1178582-41976|TEC-PH-5839|01/03/2023|BM-1178582|8|204.48|255.6
MX-2013-FH1436582-41628|TEC-PH-3806|01/03/2023|FH-1436582|3|208.8576|261.072
MX-2013-DK1337582-41530|TEC-PH-3148|01/03/2023|DK-1337582|8|152.6904|190.863
CA-2015-AS10090140-42264|OFF-BI-4343|01/03/2023|AS-100901406|6|143.5184|179.398
CA-2012-AS10090140-41173|FUR-CH-5430|01/03/2023|AS-100901406|2|90.1488|112.686
CA-2013-AS10090140-41587|FUR-TA-3427|01/03/2023|AS-100901402|4|81.9504|102.438
TU-2013-SF10200134-41417|TEC-PH-5815|01/03/2023|SF-10200134|7|66.732|83.415
CA-2014-AS10090140-41812|FUR-BO-5529|01/03/2023|AS-100901406|14|120.21312|150.2664
SG-2015-JW5220111-42108|TEC-PH-3805|01/03/2023|JW-5220111|2|208.4736|260.592
MX-2015-CC1210082-42245|TEC-PH-5268|01/03/2023|CC-1210082|6|154.2456|192.807
ID-2015-RD1993092-42140|OFF-AP-4961|01/03/2023|RD-1993092|5|168.9408|211.176
CM-2013-BP123022-41621|OFF-AP-4733|01/03/2023|BP-123022|6|65.4464|81.808
ES-2012-SA20830139-40998|FUR-BO-5950|01/03/2023|SA-20830139|6|93.2992|116.624
IN-2013-EM1381058-41308|FUR-BO-5762|01/03/2023|EM-1381058|6|175.8|219.75
IN-2014-CS12175130-41788|TEC-PH-5356|01/03/2023|CS-12175130|7|204.4512|255.564
IT-2013-JD16060120-41515|OFF-ST-5691|01/03/2023|JD-16060120|6|33.7608|42.201
IN-2012-GH1466527-41074|FUR-CH-5412|01/03/2023|GH-1466527|11|38.8872|48.609
IN-2015-CM1193527-42244|OFF-AP-3578|01/03/2023|CM-1193527|8|299.184|373.98
MX-2012-JB1600093-41208|TEC-PH-5839|01/03/2023|JB-1600093|3|204.48|255.6
RS-2015-RB9465108-42082|TEC-PH-5268|01/03/2023|RB-9465108|3|154.2456|192.807
MX-2015-RB1979518-42258|FUR-TA-3763|01/03/2023|RB-1979518|4|139.9776|174.972
ID-2013-PO191957-41514|FUR-BO-5762|01/03/2023|PO-191957|5|175.8|219.75
CA-2015-AS10090140-42264|TEC-AC-5138|01/03/2023|AS-100901406|6|23.992|29.99
IN-2014-TS212057-41852|FUR-TA-5053|01/03/2023|TS-212057|3|141.12|176.4
CA-2014-AS10090140-41812|OFF-BI-5638|01/03/2023|AS-100901406|6|31.024|38.78
SF-2015-MV8190117-42362|TEC-PH-3148|01/03/2023|MV-8190117|6|152.6904|190.863
CA-2015-AS10090140-42264|TEC-AC-5094|01/03/2023|AS-100901406|4|23.992|29.99
ES-2013-BD11560139-41327|FUR-CH-4655|01/03/2023|BD-11560139|2|243.808|304.76
IN-2015-PS1876059-42288|FUR-BO-3648|01/03/2023|PS-1876059|5|52.4672|65.584
US-2015-FM1421551-42115|TEC-CO-4577|01/03/2023|FM-1421551|9|135.391872|169.23984
IN-2014-CA1277558-41802|TEC-PH-3149|01/03/2023|CA-1277558|5|340.832|426.04
ES-2014-CD1279048-41899|FUR-BO-5969|01/03/2023|CD-1279048|9|124.0416|155.052
IN-2015-NL1831092-42266|OFF-ST-6046|01/03/2023|NL-1831092|7|47.6208|59.526
IT-2015-TB2105545-42334|OFF-AP-4502|01/03/2023|TB-2105545|6|160.0416|200.052
ES-2015-NF1847548-42248|TEC-CO-3595|01/03/2023|NF-1847548|7|76.7952|95.994
IN-2015-KD1649527-42175|FUR-BO-3627|01/03/2023|KD-1649527|5|220.096|275.12
HU-2015-EH412557-42300|OFF-ST-5702|01/03/2023|EH-412557|5|67.728|84.66
IN-2012-KB1660058-41136|FUR-BO-3639|01/03/2023|KB-1660058|6|155.2128|194.016
MX-2015-CS1246093-42259|TEC-PH-5841|01/03/2023|CS-1246093|9|203.5968|254.496
CA-2015-AS10090140-42096|OFF-ST-4516|01/03/2023|AS-100901402|2|10.048|12.56
ES-2015-MG1769564-42018|TEC-CO-6012|01/03/2023|MG-1769564|6|264.80448|331.0056
ID-2015-VF21715102-42321|FUR-CH-5380|01/03/2023|VF-21715102|8|196.352|245.44
ID-2014-AM1070559-41803|TEC-CO-4568|01/03/2023|AM-1070559|5|83.519072|104.39884
CA-2015-AS10090140-42264|FUR-FU-4050|01/03/2023|AS-100901406|6|3.0016|3.752
IN-2015-BP11290113-42269|TEC-CO-4588|01/03/2023|BP-11290113|3|45.5904|56.988
AO-2012-HZ49504-40916|FUR-BO-4850|01/03/2023|HZ-49504|9|132.192|165.24
CA-2012-AS10090140-41173|FUR-FU-3844|01/03/2023|AS-100901406|6|20.7872|25.984
IN-2014-EM1382566-41850|TEC-CO-4578|01/03/2023|EM-1382566|3|102.3744|127.968
US-2015-AS10090140-42341|OFF-AR-5285|01/03/2023|AS-100901408|3|9.24|11.55
IN-2015-BS1180059-42124|OFF-AP-4504|01/03/2023|BS-1180059|3|199.308|249.135
MX-2012-DV1346539-41179|FUR-BO-5951|01/03/2023|DV-1346539|10|226.7148|283.3935
IN-2015-MB173057-42179|FUR-BO-5948|01/03/2023|MB-173057|8|139.344|174.18
IT-2012-PC19000120-41004|OFF-ST-5700|01/03/2023|PC-19000120|14|93.1128|116.391
IT-2015-CA1231045-42223|TEC-PH-5355|01/03/2023|CA-1231045|8|305.928|382.41
CA-2015-AS10090140-42096|OFF-FA-6129|01/03/2023|AS-100901402|3|16.8832|21.104
ES-2015-MB1808545-42049|OFF-ST-6261|01/03/2023|MB-1808545|5|97.992|122.49
CA-2012-AS10090140-41266|OFF-AP-3367|01/03/2023|AS-100901404|4|2.2352|2.794
RO-2013-DB3660107-41503|FUR-CH-5456|01/03/2023|DB-3660107|1|55.6608|69.576
CA-2013-AS10090140-41587|OFF-EN-2848|01/03/2023|AS-100901402|8|5.5936|6.992
MX-2013-BG1174018-41493|OFF-AP-4960|01/03/2023|BG-1174018|3|210.948|263.685
CA-2014-AS10090140-41812|OFF-BI-6094|01/03/2023|AS-100901406|7|2.1936|2.742
CA-2014-AS10090140-41762|OFF-ST-3078|01/03/2023|AS-100901402|5|6.312|7.89
IN-2013-KB1631578-41495|TEC-MA-5005|01/03/2023|KB-1631578|3|42.0408|52.551
ID-2014-PK190757-41691|FUR-TA-3359|01/03/2023|PK-190757|7|219.17832|273.9729
ID-2013-CS121757-41473|TEC-AC-3402|01/03/2023|CS-121757|5|82.8|103.5
CA-2014-AS10090140-41894|OFF-LA-6021|01/03/2023|AS-100901402|8|3|3.75
ES-2015-AF1088545-42103|OFF-ST-6049|01/03/2023|AF-1088545|2|63.1968|78.996
ES-2013-SJ2050045-41443|FUR-TA-3343|01/03/2023|SJ-2050045|7|484.944|606.18
ES-2014-DM1295545-42004|TEC-CO-4590|01/03/2023|DM-1295545|4|122.1216|152.652
CA-2014-AS10090140-41762|OFF-ST-6158|01/03/2023|AS-100901402|6|4.224|5.28
IT-2013-CC1261048-41289|OFF-AP-4497|01/03/2023|CC-1261048|3|202.9968|253.746
CG-2013-BW106533-41437|TEC-PH-5840|01/03/2023|BW-106533|9|458.9568|573.696
IN-2015-BE114557-42080|TEC-CO-4568|01/03/2023|BE-114557|4|83.519072|104.39884
ES-2013-TG2164014-41591|OFF-AP-3867|01/03/2023|TG-2164014|14|183.6624|229.578
CA-2014-AS10090140-41762|OFF-LA-3224|01/03/2023|AS-100901402|9|2.016|2.52
CA-2015-AS10090140-42264|OFF-BI-3473|01/03/2023|AS-100901406|2|0.9184|1.148
ES-2015-VM2168545-42140|FUR-BO-5971|01/03/2023|VM-2168545|2|62.6432|78.304
CA-2013-AS10090140-41587|OFF-BI-3473|01/03/2023|AS-100901402|9|0.9184|1.148
MX-2015-SC2069539-42360|FUR-CH-4530|01/03/2023|SC-2069539|3|113.0832|141.354
ID-2014-SN2056097-41896|TEC-PH-3148|01/03/2023|SN-2056097|4|152.6904|190.863
ID-2014-CD122807-41646|FUR-TA-5059|01/03/2023|CD-122807|11|136.824|171.03
ES-2015-CC1210045-42182|TEC-CO-3595|01/03/2023|CC-1210045|5|76.7952|95.994
ES-2013-BG1103544-41468|TEC-MA-5502|01/03/2023|BG-1103544|3|224.1|280.125
IN-2015-CC125507-42046|TEC-CO-3706|01/03/2023|CC-125507|4|45.524544|56.90568
IN-2015-AB101057-42153|TEC-CO-3609|01/03/2023|AB-101057|8|151.38|189.225
IN-2015-SV2078559-42110|OFF-ST-6049|01/03/2023|SV-2078559|5|63.1968|78.996
ES-2015-HW1493545-42335|FUR-BO-5798|01/03/2023|HW-1493545|11|36.36|45.45
IN-2012-AS1028558-41221|FUR-CH-5447|01/03/2023|AS-1028558|5|33.2352|41.544
ES-2015-LD1685545-42265|FUR-BO-3639|01/03/2023|LD-1685545|7|155.2128|194.016
MX-2015-NS1850528-42059|TEC-CO-6010|01/03/2023|NS-1850528|5|75.473536|94.34192
MX-2014-CM1271582-41885|FUR-CH-5379|01/03/2023|CM-1271582|7|219.816|274.77
IN-2014-VG2180527-41996|FUR-BO-3641|01/03/2023|VG-2180527|4|263.2824|329.103
GH-2015-JD606049-42172|OFF-AP-4956|01/03/2023|JD-606049|2|148.68|185.85
ID-2015-MG17680144-42078|FUR-CH-5378|01/03/2023|MG-17680144|4|110.5056|138.132
IN-2015-CD1228058-42197|FUR-BO-5763|01/03/2023|CD-1228058|5|140.208|175.26
ES-2015-DB13210139-42164|TEC-MA-4206|01/03/2023|DB-13210139|5|176.6436|220.8045
ES-2015-CS118608-42292|OFF-ST-4057|01/03/2023|CS-118608|4|56.4828|70.6035
IN-2015-AF1088558-42222|TEC-PH-3148|01/03/2023|AF-1088558|8|152.6904|190.863
ID-2013-BN11470130-41633|TEC-PH-5267|01/03/2023|BN-11470130|4|437.0904|546.363
ES-2013-GG1465045-41615|TEC-CO-4792|01/03/2023|GG-1465045|5|115.2672|144.084
ES-2014-EM1406548-41775|TEC-PH-3805|01/03/2023|EM-1406548|4|208.4736|260.592
IR-2014-BS166560-41807|OFF-ST-5700|01/03/2023|BS-166560|4|93.1128|116.391
IN-2015-AC1045058-42311|FUR-TA-4711|01/03/2023|AC-1045058|14|85.248|106.56
ES-2013-CK1220564-41422|TEC-CO-4592|01/03/2023|CK-1220564|5|302.712|378.39
ES-2014-JD16150139-41868|FUR-BO-4848|01/03/2023|JD-16150139|4|305.94024|382.4253
UP-2012-CC2550137-41062|FUR-TA-5059|01/03/2023|CC-2550137|3|136.824|171.03
IT-2012-MS17830139-41103|TEC-MA-5511|01/03/2023|MS-17830139|1|63.756|79.695
CA-2013-AS10090140-41587|OFF-PA-6535|01/03/2023|AS-100901402|4|3.6992|4.624
ES-2012-GT14710120-41198|FUR-CH-4654|01/03/2023|GT-14710120|3|145.5072|181.884
IN-2012-CL1270058-41226|TEC-PH-5268|01/03/2023|CL-1270058|5|154.2456|192.807
ES-2015-MM1792045-42199|TEC-PH-3805|01/03/2023|MM-1792045|7|208.4736|260.592
MX-2015-CM1216093-42158|FUR-BO-5762|01/03/2023|CM-1216093|8|175.8|219.75
IN-2015-DB1306027-42353|TEC-PH-5263|01/03/2023|DB-1306027|8|35.0352|43.794
MZ-2015-JW522087-42183|OFF-ST-5708|01/03/2023|JW-522087|14|26.112|32.64
US-2015-BN1147082-42358|OFF-AP-3872|01/03/2023|BN-1147082|14|357.04608|446.3076
IN-2013-JC157757-41310|FUR-CH-5378|01/03/2023|JC-157757|7|110.5056|138.132
MX-2012-HL1504093-40929|FUR-TA-3764|01/03/2023|HL-1504093|2|372.9664|466.208
MX-2013-LH1690018-41489|OFF-ST-6046|01/03/2023|LH-1690018|6|47.6208|59.526
ID-2015-DV1304559-42304|FUR-BO-5786|01/03/2023|DV-1304559|11|209.232|261.54
IN-2013-BT1153058-41331|FUR-TA-3344|01/03/2023|BT-1153058|6|290.736|363.42
IR-2013-BM165060-41436|TEC-PH-5269|01/03/2023|BM-165060|6|180.7512|225.939
IN-2012-MG1820558-40962|TEC-CO-4590|01/03/2023|MG-1820558|2|122.1216|152.652
CA-2012-AS10090140-41173|OFF-BI-3729|01/03/2023|AS-100901406|4|1.1952|1.494
MX-2014-FC1424528-41840|FUR-CH-5442|01/03/2023|FC-1424528|1|272.97912|341.2239
MX-2014-TT2122051-41727|FUR-BO-5968|01/03/2023|TT-2122051|6|124.4736|155.592
IN-2015-CY1274558-42300|TEC-CO-4578|01/03/2023|CY-1274558|7|102.3744|127.968
MX-2015-SJ2021582-42179|TEC-PH-3806|01/03/2023|SJ-2021582|3|208.8576|261.072
MX-2014-PB1880593-41942|TEC-PH-3148|01/03/2023|PB-1880593|7|152.6904|190.863
CM-2013-BP123022-41621|TEC-AC-5224|01/03/2023|BP-123022|5|58.5648|73.206
IN-2014-RW1969027-41763|TEC-CO-3688|01/03/2023|RW-1969027|4|88.6452|110.8065
CA-2012-AS10090140-41173|OFF-AR-3285|01/03/2023|AS-100901406|4|2.0864|2.608
ZA-2012-DB3360146-41159|FUR-TA-3442|01/03/2023|DB-3360146|4|85.3776|106.722
ES-2013-DK1315048-41386|TEC-CO-3709|01/03/2023|DK-1315048|4|120.5952|150.744
SF-2014-RW9540117-41942|TEC-MA-5502|01/03/2023|RW-9540117|14|224.1|280.125
IN-2012-PS1904527-41014|FUR-CH-5411|01/03/2023|PS-1904527|6|53.424|66.78
CA-2014-AS10090140-41894|OFF-BI-4884|01/03/2023|AS-100901402|6|2.544|3.18
CA-2014-AB10105140-41991|OFF-BI-4345|01/03/2023|AB-101051402|3|487.0272|608.784
IN-2015-MO1780066-42308|OFF-AP-3873|01/03/2023|MO-1780066|13|258.3792|322.974
IN-2014-NF1847527-41741|OFF-AP-3573|01/03/2023|NF-1847527|8|95.952|119.94
IN-2014-MR1754558-41954|TEC-CO-3683|01/03/2023|MR-1754558|3|61.1136|76.392
IT-2013-CB1241548-41560|TEC-PH-5355|01/03/2023|CB-1241548|4|305.928|382.41
ID-2013-LC1705092-41560|FUR-CH-4531|01/03/2023|LC-1705092|4|113.6664|142.083
IN-2015-RA1988527-42034|FUR-CH-5380|01/03/2023|RA-1988527|4|196.352|245.44
CG-2013-MG814533-41559|TEC-PH-3805|01/03/2023|MG-814533|5|208.4736|260.592
CA-2015-AB10105140-42161|TEC-PH-5089|01/03/2023|AB-101051402|6|156.792|195.99
CA-2015-AB10105140-42328|FUR-FU-2871|01/03/2023|AB-101051408|3|109.584|136.98
ID-2014-EM1396058-41901|OFF-AP-3580|01/03/2023|EM-1396058|6|179.9328|224.916
MX-2013-DJ1342082-41639|OFF-AP-4505|01/03/2023|DJ-1342082|4|115.5776|144.472
ES-2015-CD1192045-42367|FUR-TA-5064|01/03/2023|CD-1192045|7|161.8488|202.311
MX-2014-BO1142582-41958|TEC-PH-3806|01/03/2023|BO-1142582|5|208.8576|261.072
CA-2012-AB10105140-41262|OFF-BI-4827|01/03/2023|AB-101051402|7|88.3176|110.397
CA-2015-AB10105140-42143|TEC-PH-2879|01/03/2023|AB-101051404|3|172.352|215.44
ID-2015-KM16720102-42255|FUR-BO-3626|01/03/2023|KM-16720102|2|99.3672|124.209
ES-2014-SV2078545-41807|TEC-AC-5136|01/03/2023|SV-2078545|8|79.6224|99.528
MX-2012-BG1169582-41250|FUR-CH-5773|01/03/2023|BG-1169582|5|148.4544|185.568
IN-2015-CS121307-42266|FUR-BO-5761|01/03/2023|CS-121307|9|222.09768|277.6221
US-2014-AB10105140-41908|FUR-TA-3412|01/03/2023|AB-101051404|4|209.688|262.11
IZ-2015-BD163561-42045|OFF-AP-4966|01/03/2023|BD-163561|3|182.688|228.36
ES-2015-RF19345120-42043|OFF-AP-4743|01/03/2023|RF-19345120|6|181.9104|227.388
ID-2014-JE1616559-41856|FUR-BO-3642|01/03/2023|JE-1616559|2|233.1648|291.456
IR-2015-MG768060-42109|FUR-BO-3641|01/03/2023|MG-768060|2|263.2824|329.103
CA-2013-AB10105140-41585|TEC-MA-3700|01/03/2023|AB-101051402|2|76.776|95.97
IN-2015-CC1247558-42129|TEC-CO-3596|01/03/2023|CC-1247558|3|101.478208|126.84776
ES-2014-LT1676564-41947|OFF-AP-4732|01/03/2023|LT-1676564|4|99.0048|123.756
ES-2015-FH14365120-42165|TEC-PH-3148|01/03/2023|FH-14365120|6|152.6904|190.863
ES-2013-BF1097545-41517|TEC-PH-5354|01/03/2023|BF-1097545|4|381.69|477.1125
IN-2014-CJ1201027-41810|TEC-PH-3802|01/03/2023|CJ-1201027|3|48.6144|60.768
HU-2015-SH997557-42239|TEC-AC-5226|01/03/2023|SH-997557|7|118.2816|147.852
US-2013-SL2015582-41422|FUR-BO-4861|01/03/2023|SL-2015582|14|117.0912|146.364
LI-2015-NC834073-42143|TEC-CO-6009|01/03/2023|NC-834073|3|114.3552|142.944
SF-2014-JB5400117-41758|FUR-TA-4712|01/03/2023|JB-5400117|4|296.184|370.23
IN-2014-VG2180527-41996|FUR-BO-3642|01/03/2023|VG-2180527|2|233.1648|291.456
MX-2015-TB2125031-42289|FUR-TA-3760|01/03/2023|TB-2125031|3|142.368|177.96
MX-2015-PS1897028-42109|OFF-AP-3872|01/03/2023|PS-1897028|5|357.04608|446.3076
ES-2015-BB1154548-42336|FUR-BO-5788|01/03/2023|BB-1154548|5|202.6908|253.3635
GG-2013-SG1047047-41405|TEC-CO-3597|01/03/2023|SG-1047047|7|235.65456|294.5682
IN-2014-SP20920130-41808|TEC-PH-5839|01/03/2023|SP-20920130|6|204.48|255.6
IN-2013-NZ1856558-41398|TEC-CO-3678|01/03/2023|NZ-1856558|7|84.064448|105.08056
IN-2012-Dp1324027-41223|TEC-PH-5354|01/03/2023|Dp-1324027|9|381.69|477.1125
ES-2015-GZ1447064-42362|FUR-BO-4862|01/03/2023|GZ-1447064|9|77.8112|97.264
MX-2015-AH1007582-42139|OFF-AP-4503|01/03/2023|AH-1007582|7|160.2816|200.352
PL-2015-CB2025103-42347|TEC-CO-5997|01/03/2023|CB-2025103|6|142.6032|178.254
IN-2012-SC200507-41249|TEC-PH-5356|01/03/2023|SC-200507|4|204.4512|255.564
IT-2014-AM10705125-41892|FUR-CH-4530|01/03/2023|AM-10705125|5|113.0832|141.354
AL-2012-SC102302-40970|TEC-MA-6138|01/03/2023|SC-102302|5|38.8584|48.573
ID-2013-JS1559559-41275|OFF-AP-4745|01/03/2023|JS-1559559|10|181.3152|226.644
ID-2013-BS1138059-41577|TEC-CO-6009|01/03/2023|BS-1138059|6|114.3552|142.944
IN-2014-TC21295130-41962|OFF-AP-4505|01/03/2023|TC-21295130|9|115.5776|144.472
RS-2014-JL5130108-41866|TEC-PH-3148|01/03/2023|JL-5130108|4|152.6904|190.863
IN-2014-Dp1324066-41798|FUR-CH-4532|01/03/2023|Dp-1324066|4|152.2752|190.344
IN-2015-NF1838511-42279|TEC-PH-5268|01/03/2023|NF-1838511|2|154.2456|192.807
ES-2015-AS10090139-42062|OFF-AP-4745|01/03/2023|AS-10090139|4|181.3152|226.644
IN-2014-EL137357-41943|FUR-BO-4861|01/03/2023|EL-137357|3|117.0912|146.364
IN-2014-FH1427559-41991|FUR-BO-3904|01/03/2023|FH-1427559|8|77.312|96.64
IN-2015-LT1676558-42133|FUR-TA-5057|01/03/2023|LT-1676558|11|137.5632|171.954
IN-2015-BN1147027-42189|OFF-AP-4964|01/03/2023|BN-1147027|5|182.2656|227.832
ES-2013-BP11230120-41411|OFF-AP-3576|01/03/2023|BP-11230120|6|124.8192|156.024
IN-2012-DM1352558-41123|TEC-PH-5813|01/03/2023|DM-1352558|4|40.3488|50.436
CA-2015-AB10105140-42267|TEC-PH-5625|01/03/2023|AB-101051404|5|235.96|294.95
CD-2014-SM1032025-41684|OFF-ST-6033|01/03/2023|SM-1032025|2|30.9312|38.664
IN-2013-PM191357-41417|FUR-BO-5971|01/03/2023|PM-191357|10|62.6432|78.304
MW-2015-TS1143085-42220|OFF-AP-3874|01/03/2023|TS-1143085|5|287.488|359.36
MX-2014-TS2134018-41956|TEC-PH-3806|01/03/2023|TS-2134018|6|208.8576|261.072
IN-2015-AM107057-42047|TEC-AC-4186|01/03/2023|AM-107057|5|54.6432|68.304
MX-2015-LS1724582-42319|TEC-PH-5355|01/03/2023|LS-1724582|9|305.928|382.41
IN-2014-DR129407-41728|FUR-BO-5951|01/03/2023|DR-129407|2|226.7148|283.3935
CA-2013-AB10105140-41585|OFF-ST-4281|01/03/2023|AB-101051402|3|88.824|111.03
CA-2015-AB10105140-42267|TEC-AC-6076|01/03/2023|AB-101051404|2|44.792|55.99
IN-2014-CM1181597-41870|TEC-PH-5841|01/03/2023|CM-1181597|2|203.5968|254.496
ES-2015-FG1426045-42153|OFF-AP-3865|01/03/2023|FG-1426045|9|89.1072|111.384
IR-2013-KN670560-41508|OFF-AP-3579|01/03/2023|KN-670560|5|299.488|374.36
WA-2015-TB1152089-42190|TEC-AC-5224|01/03/2023|TB-1152089|6|58.5648|73.206
IT-2013-GM1444091-41347|FUR-BO-3903|01/03/2023|GM-1444091|6|77.6|97
CA-2015-AB10523-42139|OFF-AR-6111|01/03/2023|AB-10523|7|7.1856|8.982
MX-2015-JB1540051-42263|TEC-CO-4592|01/03/2023|JB-1540051|2|302.712|378.39
IN-2015-JS1603097-42223|FUR-CH-5775|01/03/2023|JS-1603097|5|110.7432|138.429
IN-2014-AM10705102-41891|TEC-CO-3707|01/03/2023|AM-10705102|7|91.224|114.03
MX-2015-SF2020039-42255|TEC-PH-5355|01/03/2023|SF-2020039|6|305.928|382.41
